A0,A1,,,,,,,
127.0039318,37.56646006,,,,,,,
127.0133852,37.56524261,,,,,,,
126.9655249,37.60481065,,,,,,,
127.1033509,37.54441302,,,,,,,
128.2137337,38.12641018,,,,,,,
128.2076079,38.22166086,,,,,,,
127.3134156,38.14840253,,,,,,,
127.4435008,38.24263154,,,,,,,
127.8127974,38.05453318,,,,,,,
127.655416,38.15707132,,,,,,,
127.7050904,38.1027559,,,,,,,
127.6672088,38.05871842,,,,,,,
127.5225659,38.07002137,,,,,,,
127.9860835,38.10530049,,,,,,,
127.0713447,37.54657505,,,,,,,
128.0338977,38.10808508,,,,,,,
128.043793,38.20160158,,,,,,,
127.9522515,38.20773257,,,,,,,
128.1374786,38.28557993,,,,,,,
127.4300988,36.63246467,,,,,,,
127.4253787,36.62659908,,,,,,,
127.4563712,36.65803503,,,,,,,
127.3734429,36.66600063,,,,,,,
127.326704,36.61079831,,,,,,,
127.0801456,37.5688101,,,,,,,
127.3628153,36.62385798,,,,,,,
127.0827405,37.56376293,,,,,,,
127.4336595,36.55945767,,,,,,,
127.4241437,36.48686281,,,,,,,
127.5148832,36.62256441,,,,,,,
127.489433,36.60876331,,,,,,,
127.4907826,36.63664199,,,,,,,
127.6549379,36.63449791,,,,,,,
127.511934,36.5729345,,,,,,,
127.4975538,36.51358552,,,,,,,
127.5414062,36.56150687,,,,,,,
127.4880203,36.65516738,,,,,,,
127.0814883,37.56025816,,,,,,,
127.4608771,36.63194577,,,,,,,
127.4857282,36.67230429,,,,,,,
127.4250317,36.71477731,,,,,,,
127.4493201,36.7324285,,,,,,,
127.5404346,36.72461123,,,,,,,
127.9302756,36.98955104,,,,,,,
127.9355931,36.97205245,,,,,,,
127.8195923,36.97488175,,,,,,,
127.9235252,36.97005546,,,,,,,
127.9143314,37.08620924,,,,,,,
127.7532646,37.10815203,,,,,,,
127.9270999,37.04329814,,,,,,,
127.9900239,36.84783079,,,,,,,
127.8567838,37.02927268,,,,,,,
128.2180991,37.15319045,,,,,,,
128.2117397,37.13900392,,,,,,,
128.2022372,37.12397259,,,,,,,
128.1676236,37.0005207,,,,,,,
128.1655982,36.90980413,,,,,,,
128.1982626,37.13386878,,,,,,,
127.087212,37.565361,,,,,,,
128.1310395,37.13110778,,,,,,,
127.6916161,36.94008343,,,,,,,
127.5975021,36.99180903,,,,,,,
127.4851558,36.96729038,,,,,,,
127.636487,37.11898254,,,,,,,
127.5040759,37.02118381,,,,,,,
127.5650682,36.92681905,,,,,,,
127.5464781,36.90450176,,,,,,,
127.7836245,36.172525,,,,,,,
127.90956,36.22498796,,,,,,,
127.071647,37.53386717,,,,,,,
127.9144793,36.149743,,,,,,,
127.6837465,36.09914291,,,,,,,
127.7481458,36.14705543,,,,,,,
127.8267928,36.26622556,,,,,,,
127.7926207,36.80532923,,,,,,,
127.5838222,36.78574036,,,,,,,
127.8629821,36.78775636,,,,,,,
127.639032,36.77186524,,,,,,,
127.7354642,36.66032579,,,,,,,
127.8547393,36.87223959,,,,,,,
127.0769211,37.53663087,,,,,,,
127.998016,36.76532021,,,,,,,
128.3677831,36.98017091,,,,,,,
128.4834409,37.07946036,,,,,,,
128.3527138,36.92224702,,,,,,,
128.3844945,37.02658306,,,,,,,
128.3007481,37.03261545,,,,,,,
127.724029,36.48866364,,,,,,,
127.8239207,36.53173545,,,,,,,
127.6644266,36.57876557,,,,,,,
127.5968726,36.49542001,,,,,,,
127.0636483,37.53518388,,,,,,,
127.7314514,36.39851522,,,,,,,
127.8148776,36.4365812,,,,,,,
127.5780872,36.31231064,,,,,,,
127.7918951,36.34586936,,,,,,,
127.7605435,36.33115899,,,,,,,
127.6194914,36.2456946,,,,,,,
127.5341128,36.33075608,,,,,,,
127.6693664,36.39683904,,,,,,,
127.6172907,36.28405279,,,,,,,
127.4395667,36.85322217,,,,,,,
127.0916555,37.54589353,,,,,,,
127.5067113,36.91265015,,,,,,,
127.4290437,36.93210148,,,,,,,
127.4432661,36.98985423,,,,,,,
127.5234366,36.84557737,,,,,,,
127.1192096,36.80350829,,,,,,,
127.1318903,36.83317608,,,,,,,
127.1448441,36.81025535,,,,,,,
127.1081066,36.81777938,,,,,,,
127.1477744,36.87839839,,,,,,,
127.2011366,36.87232487,,,,,,,
126.9811335,37.58140875,,,,,,,
126.926464,37.60158437,,,,,,,
127.1285841,36.91698727,,,,,,,
127.2268488,36.90698342,,,,,,,
127.2357347,36.78553632,,,,,,,
127.2812548,36.73110095,,,,,,,
127.2974474,36.76342028,,,,,,,
127.1117595,36.69864389,,,,,,,
127.1335131,36.77543126,,,,,,,
127.1495041,36.80701164,,,,,,,
127.1597844,36.82486192,,,,,,,
127.1591133,36.80456527,,,,,,,
126.9053669,37.59178119,,,,,,,
127.1354998,36.80042927,,,,,,,
127.1571335,36.78626345,,,,,,,
126.4345248,36.93729971,,,,,,,
126.4812835,36.78938954,,,,,,,
126.5507493,36.70911663,,,,,,,
126.4610385,36.83740817,,,,,,,
126.3929885,36.71538179,,,,,,,
126.3489607,36.81303466,,,,,,,
127.0114182,36.78230509,,,,,,,
126.9951128,36.77300237,,,,,,,
126.9175417,37.59053673,,,,,,,
127.0010543,36.78138913,,,,,,,
127.0472325,36.79921896,,,,,,,
126.9135971,36.88082525,,,,,,,
126.8689728,36.76122728,,,,,,,
127.0125511,36.8490854,,,,,,,
127.0379844,36.93006406,,,,,,,
126.9540704,36.85550742,,,,,,,
127.0592835,36.77539326,,,,,,,
127.0906738,36.78868504,,,,,,,
127.2427788,36.28198166,,,,,,,
126.915203,37.60445248,,,,,,,
127.0842524,36.20471439,,,,,,,
127.0149297,36.15422791,,,,,,,
127.0982973,36.12680432,,,,,,,
127.1415843,36.29432397,,,,,,,
127.2390357,36.13632542,,,,,,,
127.2002899,36.21268545,,,,,,,
126.9507915,36.55497387,,,,,,,
127.0617927,36.36284788,,,,,,,
127.2511714,36.39577367,,,,,,,
127.1208741,36.60955173,,,,,,,
127.0282954,37.6201616,,,,,,,
127.142031,36.36076108,,,,,,,
127.0521496,36.47025627,,,,,,,
126.5147123,36.3117017,,,,,,,
126.6057314,36.35067745,,,,,,,
126.6767008,36.29298167,,,,,,,
126.5275766,36.4805303,,,,,,,
126.5884732,36.41539823,,,,,,,
126.5920098,36.34939708,,,,,,,
126.598389,36.23357652,,,,,,,
126.522337,36.43860214,,,,,,,
127.0304144,37.61631112,,,,,,,
126.6327603,36.89563351,,,,,,,
126.7727644,36.88557261,,,,,,,
126.6674385,36.81606144,,,,,,,
126.7750301,36.80783,,,,,,,
126.5925062,36.98110404,,,,,,,
126.6796161,36.93284968,,,,,,,
126.6909479,36.90471131,,,,,,,
126.7143661,36.84345864,,,,,,,
126.66587,36.60042626,,,,,,,
126.672627,36.64872307,,,,,,,
127.0175962,37.63064751,,,,,,,
126.6244388,36.50405549,,,,,,,
126.513497,36.57923957,,,,,,,
126.6875134,36.55938485,,,,,,,
126.5501907,36.60496279,,,,,,,
126.7128546,36.62122881,,,,,,,
126.8318862,36.68607993,,,,,,,
126.7380541,36.68858307,,,,,,,
126.6677331,36.7042879,,,,,,,
126.8924808,36.65727248,,,,,,,
126.7749863,36.54860649,,,,,,,
127.017106,37.64089896,,,,,,,
126.9102679,36.28094049,,,,,,,
126.7033137,36.3004809,,,,,,,
126.8935029,36.18834747,,,,,,,
126.9461155,36.17041814,,,,,,,
126.7605007,36.21556239,,,,,,,
126.8094767,36.24941596,,,,,,,
127.0017449,36.25345877,,,,,,,
126.8894521,36.27526273,,,,,,,
126.853959,36.308648,,,,,,,
126.6923174,36.01114032,,,,,,,
127.0265813,37.64430467,,,,,,,
126.6918886,36.07667545,,,,,,,
126.6920263,36.15363176,,,,,,,
126.8025549,36.08563681,,,,,,,
126.6010896,36.14170531,,,,,,,
126.5260821,36.15194843,,,,,,,
126.7069034,36.06257632,,,,,,,
127.5467688,36.11149983,,,,,,,
127.4887583,36.10285095,,,,,,,
127.3709109,36.14446436,,,,,,,
127.3987592,36.16344813,,,,,,,
127.0123906,37.6394308,,,,,,,
127.4669227,36.19131899,,,,,,,
126.952615,36.40951115,,,,,,,
126.8001983,36.45145305,,,,,,,
126.89339,36.34228835,,,,,,,
126.7166566,36.42852735,,,,,,,
126.7863466,36.51877683,,,,,,,
126.8454072,36.52384747,,,,,,,
126.307399,36.74942055,,,,,,,
126.3449039,36.52002242,,,,,,,
126.2580263,36.82468244,,,,,,,
126.9740005,37.57677021,,,,,,,
127.0326008,37.6359902,,,,,,,
126.2279362,36.71312626,,,,,,,
126.2970084,36.67438978,,,,,,,
126.1954994,36.75917705,,,,,,,
127.1114081,35.83543232,,,,,,,
127.1460239,35.82362315,,,,,,,
127.1212057,35.79984036,,,,,,,
127.1267888,35.81197931,,,,,,,
127.1239007,35.80615837,,,,,,,
127.0961849,35.82136407,,,,,,,
127.1356934,35.79097726,,,,,,,
127.048144,37.62361221,,,,,,,
127.1515526,35.80740375,,,,,,,
127.1237781,35.84331473,,,,,,,
127.1638965,35.83578338,,,,,,,
127.1464587,35.83448028,,,,,,,
127.1493404,35.86385631,,,,,,,
127.1603922,35.85006556,,,,,,,
127.0760891,35.87285906,,,,,,,
127.1079212,35.85610183,,,,,,,
127.1236192,35.85884575,,,,,,,
127.118377,35.85778877,,,,,,,
127.0181928,37.62479889,,,,,,,
127.1326754,35.82680492,,,,,,,
127.0628089,35.83936749,,,,,,,
126.8513094,35.98400972,,,,,,,
126.784285,35.99052979,,,,,,,
126.8316188,36.03108015,,,,,,,
126.8753435,35.98283316,,,,,,,
126.8098636,35.94576332,,,,,,,
126.7676653,35.96277901,,,,,,,
126.7561806,35.91359382,,,,,,,
126.7047743,35.95930535,,,,,,,
126.8998223,37.45420101,,,,,,,
126.7486253,35.94201881,,,,,,,
126.6858886,35.92347186,,,,,,,
126.5551846,36.03488242,,,,,,,
125.9800125,36.12042579,,,,,,,
126.4142994,35.81370729,,,,,,,
126.6466836,35.92666879,,,,,,,
126.5661017,35.96395943,,,,,,,
126.7264683,35.98357413,,,,,,,
126.7348375,35.97478151,,,,,,,
126.6575358,35.95734318,,,,,,,
126.9034366,37.46952097,,,,,,,
126.7269654,35.96475816,,,,,,,
126.9540944,35.96443543,,,,,,,
126.9846325,35.95879968,,,,,,,
126.9547782,35.9418874,,,,,,,
126.9467645,35.93070511,,,,,,,
127.0528796,35.99137015,,,,,,,
127.0851528,36.05848884,,,,,,,
127.0893511,35.96687143,,,,,,,
126.9539432,36.11751651,,,,,,,
127.0187516,36.13774877,,,,,,,
126.9125973,37.4510487,,,,,,,
126.9446456,36.00252098,,,,,,,
126.9806133,36.02193317,,,,,,,
126.9113365,36.06096803,,,,,,,
126.9580495,36.07875638,,,,,,,
127.0107567,36.07816791,,,,,,,
126.9384508,36.08656728,,,,,,,
126.9924251,36.10989711,,,,,,,
126.913987,35.93776721,,,,,,,
127.0041231,35.90161995,,,,,,,
126.8614809,35.58468804,,,,,,,
126.8880567,37.47990215,,,,,,,
126.8647229,35.55956815,,,,,,,
126.9433731,35.6517629,,,,,,,
126.8909478,35.60757401,,,,,,,
126.9910118,35.60435532,,,,,,,
127.0397047,35.62128798,,,,,,,
127.0218164,35.57079414,,,,,,,
126.8279743,35.58350583,,,,,,,
126.7935838,35.50495215,,,,,,,
126.8472573,35.52360747,,,,,,,
126.773041,35.61886062,,,,,,,
126.8947839,37.46458408,,,,,,,
126.838547,35.66364837,,,,,,,
126.8883179,35.68878699,,,,,,,
126.9280667,35.71428867,,,,,,,
126.7766767,35.55537646,,,,,,,
126.843354,35.5752489,,,,,,,
127.3805567,35.41186155,,,,,,,
127.4100025,35.42426155,,,,,,,
127.3049357,35.35665479,,,,,,,
127.5302405,35.43607218,,,,,,,
127.601438,35.46062883,,,,,,,
127.0956912,37.59913739,,,,,,,
127.6282779,35.42019068,,,,,,,
127.6116416,35.50705638,,,,,,,
127.2286677,35.34895777,,,,,,,
127.360271,35.49896851,,,,,,,
127.4019188,35.51312361,,,,,,,
126.8988036,35.80034101,,,,,,,
126.8728358,35.78526983,,,,,,,
126.8932247,35.82842871,,,,,,,
126.954892,35.85309693,,,,,,,
126.9298311,35.87478381,,,,,,,
127.0722036,37.59799743,,,,,,,
126.9677339,35.89336566,,,,,,,
126.9940883,35.71630385,,,,,,,
127.010291,35.77568666,,,,,,,
126.9627157,35.75346161,,,,,,,
126.8194154,35.85409893,,,,,,,
126.7655035,35.85827755,,,,,,,
126.8144602,35.76905129,,,,,,,
127.2330254,35.85552895,,,,,,,
127.2088249,35.76964421,,,,,,,
127.0221102,35.82030812,,,,,,,
126.9705728,37.58415925,,,,,,,
127.0809678,37.57955393,,,,,,,
127.2072332,35.97502943,,,,,,,
127.200636,36.03399048,,,,,,,
127.2778332,36.09311708,,,,,,,
127.1197799,35.73342558,,,,,,,
127.1287271,35.9623605,,,,,,,
127.1679421,35.9395193,,,,,,,
127.1562676,35.88258738,,,,,,,
127.0704796,35.90870173,,,,,,,
126.6953919,35.42743519,,,,,,,
126.6008274,35.33917947,,,,,,,
127.0955559,37.61483606,,,,,,,
126.5123127,35.37813642,,,,,,,
126.6458831,35.36504513,,,,,,,
126.6357626,35.43995613,,,,,,,
126.541842,35.45693642,,,,,,,
126.56208,35.41658295,,,,,,,
126.7019037,35.52105938,,,,,,,
126.671008,35.51330317,,,,,,,
126.7361134,35.73185844,,,,,,,
126.6135799,35.58886595,,,,,,,
126.6685384,35.61145537,,,,,,,
127.0939011,37.58821402,,,,,,,
126.6760842,35.58938546,,,,,,,
126.2952619,35.60465406,,,,,,,
126.4722743,35.62606874,,,,,,,
126.6605453,35.71460308,,,,,,,
126.6986799,35.76153758,,,,,,,
126.6775008,35.68574134,,,,,,,
126.7150702,35.67490587,,,,,,,
127.3293584,35.54575371,,,,,,,
127.2837173,35.61806712,,,,,,,
127.159127,35.52909979,,,,,,,
127.0841504,37.58318362,,,,,,,
127.124724,35.59396101,,,,,,,
127.2697105,35.67370972,,,,,,,
127.2253528,35.65619531,,,,,,,
127.0967618,35.39180706,,,,,,,
126.9307673,35.43142416,,,,,,,
127.1017345,35.45228953,,,,,,,
127.1390932,35.37665776,,,,,,,
127.0728354,37.59135933,,,,,,,
127.5686983,35.83951054,,,,,,,
127.3705391,35.73351286,,,,,,,
127.397318,35.69225899,,,,,,,
127.3234328,35.70751911,,,,,,,
127.3640377,35.83745662,,,,,,,
127.425488,35.9738373,,,,,,,
127.4232346,35.78680112,,,,,,,
127.4244804,35.87294346,,,,,,,
127.5201927,35.65236951,,,,,,,
127.5826021,35.73134104,,,,,,,
127.0815325,37.61462459,,,,,,,
127.534212,35.73796754,,,,,,,
127.6119956,35.78499373,,,,,,,
127.6673428,36.00753987,,,,,,,
127.7847115,36.01184273,,,,,,,
127.7756759,35.90039557,,,,,,,
127.6542789,35.86573178,,,,,,,
127.6592321,35.94421846,,,,,,,
127.8477655,35.96942285,,,,,,,
127.5596588,35.97103592,,,,,,,
126.419092,34.79869317,,,,,,,
127.0409897,37.50835309,,,,,,,
126.3857656,34.79039548,,,,,,,
126.379912,34.79459495,,,,,,,
126.3943816,34.80370625,,,,,,,
126.4007644,34.78737642,,,,,,,
126.3846557,34.80409408,,,,,,,
126.3717442,34.80106191,,,,,,,
126.396058,34.81223044,,,,,,,
126.4166693,34.81015061,,,,,,,
126.4238269,34.80982996,,,,,,,
126.4478529,34.81014873,,,,,,,
127.0293066,37.51387949,,,,,,,
127.6649213,34.76359237,,,,,,,
127.6311128,34.7979818,,,,,,,
127.6873024,34.82665999,,,,,,,
127.6137028,34.70845749,,,,,,,
127.5778466,34.8836019,,,,,,,
127.7448568,34.7744268,,,,,,,
127.6405289,34.61937245,,,,,,,
127.7683227,34.50865359,,,,,,,
127.3115589,34.0256087,,,,,,,
127.7480324,34.74502571,,,,,,,
127.0338474,37.51520735,,,,,,,
127.7228684,34.73112887,,,,,,,
127.7306159,34.73728704,,,,,,,
127.7051859,34.75154138,,,,,,,
127.7020906,34.76626449,,,,,,,
127.7275084,34.75371225,,,,,,,
127.6753386,34.75946256,,,,,,,
127.5272088,34.94705395,,,,,,,
127.5228367,34.96908701,,,,,,,
127.4881807,34.94712186,,,,,,,
127.4849641,34.96480436,,,,,,,
127.0605684,37.51484891,,,,,,,
127.4543657,34.8755168,,,,,,,
127.3447589,34.90691857,,,,,,,
127.4303285,35.1034861,,,,,,,
127.264343,34.9732286,,,,,,,
127.2347535,35.07642186,,,,,,,
127.3889374,35.01440874,,,,,,,
127.5368448,34.91467031,,,,,,,
127.5180486,34.94721174,,,,,,,
127.501469,34.94613059,,,,,,,
127.4901564,34.93558292,,,,,,,
126.9694274,37.5814795,,,,,,,
127.0433883,37.51238298,,,,,,,
127.4795863,35.00568185,,,,,,,
127.4889377,34.96683043,,,,,,,
127.5532436,34.93149572,,,,,,,
126.7213141,35.02819245,,,,,,,
126.6707078,34.96832829,,,,,,,
126.6075312,34.94298146,,,,,,,
126.7535107,35.03153443,,,,,,,
126.7327155,35.0767495,,,,,,,
126.8417025,35.04729371,,,,,,,
126.7791983,34.95568043,,,,,,,
127.0532762,37.52149312,,,,,,,
126.8015765,35.03711087,,,,,,,
126.710374,34.9979927,,,,,,,
126.6376984,35.01749788,,,,,,,
126.7959835,35.01395657,,,,,,,
127.5910498,34.97073357,,,,,,,
127.6941643,34.93916735,,,,,,,
127.6193001,35.01664921,,,,,,,
127.7192123,34.96213316,,,,,,,
127.6983002,34.98959467,,,,,,,
127.7511568,34.94179787,,,,,,,
127.0241808,37.51833439,,,,,,,
127.341033,34.56979805,,,,,,,
127.2836833,34.77116469,,,,,,,
127.4578453,34.46365599,,,,,,,
127.1227518,34.45676465,,,,,,,
127.3332772,34.78072143,,,,,,,
127.2877369,34.60880931,,,,,,,
127.1355841,34.52811875,,,,,,,
127.2435239,34.57602707,,,,,,,
127.3616165,34.67731334,,,,,,,
127.3797531,34.65420082,,,,,,,
127.035595,37.52933181,,,,,,,
127.4524496,34.60260893,,,,,,,
126.5986299,34.5653421,,,,,,,
126.3269036,34.66646835,,,,,,,
126.4471414,34.64447906,,,,,,,
126.5191505,34.36928475,,,,,,,
126.6276976,34.40544013,,,,,,,
126.3092337,34.59203821,,,,,,,
126.6096393,34.52127754,,,,,,,
126.4308636,34.57568172,,,,,,,
126.5708449,34.61828906,,,,,,,
126.9343819,37.48598468,,,,,,,
126.6471612,34.56741938,,,,,,,
126.552718,34.45825316,,,,,,,
126.4769449,34.81189252,,,,,,,
126.2968095,35.11386349,,,,,,,
126.4926846,34.84964831,,,,,,,
126.4738019,34.98838074,,,,,,,
126.4304225,34.91027518,,,,,,,
126.409818,35.02168,,,,,,,
126.3401072,34.96034761,,,,,,,
126.9083693,34.68130839,,,,,,,
126.9576183,37.47836838,,,,,,,
126.9717556,34.64902226,,,,,,,
126.9377496,34.56408916,,,,,,,
126.8885359,34.49933269,,,,,,,
126.9398581,34.48419346,,,,,,,
126.9762649,34.77408605,,,,,,,
126.9134663,34.61708293,,,,,,,
127.0916475,34.67286779,,,,,,,
127.1965345,34.77767084,,,,,,,
127.0892205,34.77626233,,,,,,,
127.0875129,34.80022359,,,,,,,
126.9333339,37.48400751,,,,,,,
127.3444275,34.844765,,,,,,,
127.2451371,34.80740682,,,,,,,
127.1323302,34.89253204,,,,,,,
127.1528261,34.82884772,,,,,,,
126.5065808,35.27560774,,,,,,,
126.136031,35.20174276,,,,,,,
126.4240944,35.2809128,,,,,,,
126.3761056,35.21870574,,,,,,,
126.4512707,35.24167327,,,,,,,
126.4420631,35.36102377,,,,,,,
126.935304,37.47389204,,,,,,,
126.4452234,35.39546277,,,,,,,
126.578892,35.30143345,,,,,,,
126.9932746,35.05430253,,,,,,,
126.9169743,34.99754969,,,,,,,
127.0940541,35.00773823,,,,,,,
126.9604672,34.99010938,,,,,,,
126.9618675,35.0520567,,,,,,,
127.127662,35.07055448,,,,,,,
127.040785,35.03056757,,,,,,,
126.9892325,34.89163207,,,,,,,
126.944913,37.48938377,,,,,,,
126.5378623,35.01640047,,,,,,,
126.5265782,35.0582971,,,,,,,
126.5310894,35.06840931,,,,,,,
126.6012498,35.18200145,,,,,,,
126.6318114,35.17906447,,,,,,,
126.6097239,35.11303965,,,,,,,
126.4330592,35.14194265,,,,,,,
126.4562944,34.75532656,,,,,,,
126.6927435,34.89059765,,,,,,,
126.6106885,34.86895438,,,,,,,
126.9779095,37.47453252,,,,,,,
126.7006765,34.80373787,,,,,,,
126.6316196,34.76194795,,,,,,,
126.5679702,34.72608014,,,,,,,
126.8119468,35.24548206,,,,,,,
126.8102009,35.43091941,,,,,,,
126.8068085,35.37540928,,,,,,,
126.78063,35.29927474,,,,,,,
126.6656382,35.25913552,,,,,,,
126.6472497,35.23499578,,,,,,,
126.8820445,35.40743633,,,,,,,
126.9621969,37.57183165,,,,,,,
126.919245,37.46115119,,,,,,,
126.7755371,34.63702356,,,,,,,
126.7280868,34.5445684,,,,,,,
126.7721137,34.70407377,,,,,,,
126.7081631,34.691139,,,,,,,
126.7986725,34.57238223,,,,,,,
126.8163773,34.45237858,,,,,,,
126.8161124,34.64501917,,,,,,,
127.0264215,35.34406519,,,,,,,
126.8884117,35.27676655,,,,,,,
126.9297768,35.30190553,,,,,,,
126.9155536,37.48027772,,,,,,,
126.9727699,35.22329204,,,,,,,
127.0182149,35.23911679,,,,,,,
126.9824128,35.31969314,,,,,,,
127.2923944,35.27967616,,,,,,,
127.2535929,35.1325504,,,,,,,
127.2039375,35.29736336,,,,,,,
127.2110357,35.23480581,,,,,,,
127.1362033,35.27663221,,,,,,,
127.3135101,35.27291322,,,,,,,
127.3198251,35.15096893,,,,,,,
126.9142236,37.48732616,,,,,,,
126.7417612,34.3170334,,,,,,,
126.6492053,34.39033069,,,,,,,
127.0296031,34.34859297,,,,,,,
126.5647267,34.16926134,,,,,,,
126.8584042,34.18023256,,,,,,,
126.6514158,34.17349736,,,,,,,
127.0719875,34.42961497,,,,,,,
126.898263,34.39360716,,,,,,,
126.8016015,34.39574108,,,,,,,
126.8268183,34.33398415,,,,,,,
126.8500765,37.55142108,,,,,,,
126.5701098,34.17773842,,,,,,,
126.050595,34.2986673,,,,,,,
126.2800221,34.44038076,,,,,,,
126.2625911,34.48140569,,,,,,,
126.341932,34.49254175,,,,,,,
126.1913443,34.40581044,,,,,,,
126.2974741,34.53743429,,,,,,,
126.1677592,34.42452579,,,,,,,
127.4654096,35.20911473,,,,,,,
127.4415507,35.26083293,,,,,,,
126.8082824,37.56230564,,,,,,,
127.5420188,35.17518791,,,,,,,
127.4383938,35.31406661,,,,,,,
127.5250186,35.19814091,,,,,,,
127.4872238,35.22244109,,,,,,,
125.4454942,34.68553445,,,,,,,
126.0368279,34.60617555,,,,,,,
126.1269394,34.75456417,,,,,,,
126.1425987,34.78231494,,,,,,,
126.2079853,35.06094652,,,,,,,
126.0896103,34.58529791,,,,,,,
126.8455742,37.52932854,,,,,,,
126.044278,34.88657044,,,,,,,
126.1140982,34.8296483,,,,,,,
125.9544257,34.70248107,,,,,,,
126.1482361,34.64192318,,,,,,,
125.125652,34.0521723,,,,,,,
126.3147079,34.86477442,,,,,,,
126.1380735,35.00197701,,,,,,,
126.0896103,34.58529791,,,,,,,
129.4625294,35.67599404,,,,,,,
129.3238984,35.71552054,,,,,,,
126.8501168,37.55927802,,,,,,,
129.3005453,35.77427717,,,,,,,
129.2174971,35.84484725,,,,,,,
129.2870402,35.83465461,,,,,,,
129.1033096,35.84986619,,,,,,,
129.0500912,35.8936039,,,,,,,
129.2243907,35.99251331,,,,,,,
129.2732101,35.98708004,,,,,,,
129.5037741,35.80361276,,,,,,,
129.4422669,35.79177418,,,,,,,
129.2072558,35.84401447,,,,,,,
126.8345922,37.53655607,,,,,,,
129.2096224,35.83489201,,,,,,,
129.1854043,35.84370159,,,,,,,
129.2053657,35.77442905,,,,,,,
129.2192131,35.86043219,,,,,,,
129.2071639,35.85549035,,,,,,,
129.1790643,35.88602939,,,,,,,
129.2302714,35.85141436,,,,,,,
129.2245546,35.86821479,,,,,,,
129.2689472,35.89635656,,,,,,,
129.3892253,36.06704985,,,,,,,
126.8146566,37.57980693,,,,,,,
129.2604417,36.1282022,,,,,,,
129.3585682,36.22851942,,,,,,,
129.2065045,36.07105455,,,,,,,
129.1657576,36.12777313,,,,,,,
129.3522923,36.10932131,,,,,,,
129.3392541,36.19519388,,,,,,,
129.3513482,36.02460828,,,,,,,
129.3623715,36.02768149,,,,,,,
129.3655234,36.0440874,,,,,,,
129.3608689,36.03643265,,,,,,,
126.8619272,37.54475403,,,,,,,
129.3816515,36.07852167,,,,,,,
129.3737283,36.0529397,,,,,,,
129.3891444,36.090097,,,,,,,
129.3381352,36.01095507,,,,,,,
129.3592309,36.01541599,,,,,,,
129.493381,35.89560337,,,,,,,
129.4036467,35.99562386,,,,,,,
129.5634277,36.07714451,,,,,,,
129.3808866,36.0305786,,,,,,,
129.3636623,35.98515642,,,,,,,
126.9764545,37.56889739,,,,,,,
126.8260786,37.54939875,,,,,,,
129.3462849,35.99720411,,,,,,,
129.4155949,35.96699076,,,,,,,
129.4089346,35.96647496,,,,,,,
129.3708273,36.02259799,,,,,,,
128.3598334,36.08475157,,,,,,,
128.3193375,36.13012969,,,,,,,
128.3343944,36.11350306,,,,,,,
128.3309332,36.14395353,,,,,,,
128.3046724,36.15128837,,,,,,,
128.329765,36.30098239,,,,,,,
126.8351727,37.54464597,,,,,,,
128.4954885,36.12489855,,,,,,,
128.3295367,36.21041731,,,,,,,
128.4350335,36.1692994,,,,,,,
128.3911394,36.19872118,,,,,,,
128.2997297,36.24294951,,,,,,,
128.1942255,36.26145112,,,,,,,
128.2783936,36.29573086,,,,,,,
128.4178982,36.14736325,,,,,,,
128.3607353,36.12188742,,,,,,,
128.422024,36.10752286,,,,,,,
126.8243026,37.56721408,,,,,,,
128.4254754,36.09518667,,,,,,,
128.7206725,35.82264243,,,,,,,
128.7414344,35.82420099,,,,,,,
128.8235596,35.82038431,,,,,,,
128.7480562,35.81960633,,,,,,,
128.8253374,35.92738021,,,,,,,
128.7608704,35.84389661,,,,,,,
128.8121971,35.87511555,,,,,,,
128.8359333,35.94653601,,,,,,,
128.7334724,36.56294744,,,,,,,
127.1206416,37.54263154,,,,,,,
128.6917184,36.57265588,,,,,,,
128.7138948,36.56250607,,,,,,,
128.8920857,36.45858917,,,,,,,
128.5071828,36.55616296,,,,,,,
128.8846403,36.66152344,,,,,,,
128.5759354,36.5785644,,,,,,,
128.8303118,36.52457929,,,,,,,
128.7708782,36.52626297,,,,,,,
128.7195634,36.55241276,,,,,,,
128.7592555,36.55445415,,,,,,,
127.1392039,37.52955492,,,,,,,
128.9185049,36.56688823,,,,,,,
128.6613642,36.47525605,,,,,,,
128.8334296,36.7412468,,,,,,,
128.7029047,36.68671088,,,,,,,
128.7670425,36.61792664,,,,,,,
128.6857055,36.55797207,,,,,,,
128.2578806,36.15949767,,,,,,,
128.0271131,35.98502945,,,,,,,
127.9668189,35.91639143,,,,,,,
128.114452,36.12335885,,,,,,,
127.1267139,37.52869115,,,,,,,
128.0410662,36.02965726,,,,,,,
128.1489578,36.11882275,,,,,,,
128.1270986,36.1194332,,,,,,,
128.0983333,36.03476796,,,,,,,
128.096227,36.1236604,,,,,,,
128.0181388,36.11662199,,,,,,,
128.0896429,36.13639582,,,,,,,
128.1176845,36.17865546,,,,,,,
128.1744325,36.2110212,,,,,,,
128.1894997,36.12441322,,,,,,,
127.1408196,37.55497179,,,,,,,
128.6241564,36.81145723,,,,,,,
128.6180628,36.82248056,,,,,,,
128.6352701,36.82944501,,,,,,,
128.5564863,36.84620808,,,,,,,
128.5754024,36.91530511,,,,,,,
128.5236222,36.87099219,,,,,,,
128.8744032,35.93184571,,,,,,,
129.047314,36.00161813,,,,,,,
128.974251,36.01585144,,,,,,,
128.8576983,36.01861006,,,,,,,
127.1455936,37.52527787,,,,,,,
128.7876224,36.04253736,,,,,,,
128.8916698,36.06036748,,,,,,,
129.0089033,35.91775766,,,,,,,
128.8958687,35.87594852,,,,,,,
128.956939,35.98754805,,,,,,,
128.9409072,35.96516767,,,,,,,
128.9326073,35.96778367,,,,,,,
128.8195634,35.99546215,,,,,,,
128.1557714,36.41537561,,,,,,,
128.1790916,36.4181501,,,,,,,
127.15608,37.55359661,,,,,,,
127.9599503,36.31898434,,,,,,,
127.9194785,36.56224621,,,,,,,
128.0737935,36.53349945,,,,,,,
128.297485,36.36459874,,,,,,,
127.9539234,36.38898956,,,,,,,
128.2094798,36.46792818,,,,,,,
128.130734,36.33970746,,,,,,,
128.0935039,36.2849049,,,,,,,
128.1564437,36.51275492,,,,,,,
128.1770401,36.56856882,,,,,,,
127.1732836,37.56483051,,,,,,,
127.9490861,36.44446534,,,,,,,
128.0024695,36.5985547,,,,,,,
128.0637197,36.64303126,,,,,,,
128.2606332,36.65599808,,,,,,,
128.2585069,36.61121625,,,,,,,
128.200915,36.60175875,,,,,,,
128.1889143,36.59384746,,,,,,,
128.107349,36.73759314,,,,,,,
128.120571,36.69299477,,,,,,,
128.3971917,35.99061575,,,,,,,
126.9722333,37.57078485,,,,,,,
127.1517228,37.55736369,,,,,,,
128.3940312,36.07636988,,,,,,,
128.3432941,36.06272014,,,,,,,
128.5537502,35.98076389,,,,,,,
128.4892242,35.9561592,,,,,,,
128.5388459,36.08634531,,,,,,,
128.3646295,36.03329203,,,,,,,
128.7031666,36.35389643,,,,,,,
128.5802848,36.37715282,,,,,,,
128.3829926,36.37638988,,,,,,,
128.5793805,36.29911496,,,,,,,
127.1658324,37.55621293,,,,,,,
128.4367903,36.38442629,,,,,,,
128.813105,36.23762318,,,,,,,
128.6812528,36.25599782,,,,,,,
128.8051793,36.39450082,,,,,,,
128.3553638,36.44854507,,,,,,,
128.6180492,35.64177255,,,,,,,
128.6672812,35.66275261,,,,,,,
128.7455532,35.64155398,,,,,,,
128.7051737,35.64801896,,,,,,,
128.8912178,35.69290419,,,,,,,
127.0552586,37.60897064,,,,,,,
128.8570576,35.66799818,,,,,,,
129.3724418,36.2843664,,,,,,,
129.3701952,36.41056383,,,,,,,
129.3806802,36.35739235,,,,,,,
129.4076437,36.53687252,,,,,,,
129.4418649,36.50540337,,,,,,,
129.4108611,36.6014074,,,,,,,
129.4529314,36.79889469,,,,,,,
129.3732752,37.10203832,,,,,,,
129.4216822,37.05964387,,,,,,,
127.0324203,37.6043791,,,,,,,
129.4027536,36.99615164,,,,,,,
129.3959556,36.96304211,,,,,,,
129.4433505,36.67652735,,,,,,,
129.441304,36.72600977,,,,,,,
129.2495512,36.93619766,,,,,,,
129.0623212,37.04460665,,,,,,,
128.912942,36.93707298,,,,,,,
129.0015266,36.94008511,,,,,,,
128.8981028,36.85603356,,,,,,,
128.7278439,36.89204729,,,,,,,
127.031232,37.60011566,,,,,,,
128.7361785,36.97437802,,,,,,,
128.4459414,36.64965517,,,,,,,
128.275166,36.60720385,,,,,,,
128.2993241,36.51073422,,,,,,,
128.409671,36.68821936,,,,,,,
128.468509,36.59528026,,,,,,,
128.389154,36.54586659,,,,,,,
128.5263807,36.72068458,,,,,,,
128.4426139,36.74476844,,,,,,,
128.2172529,35.9490041,,,,,,,
126.8838702,37.5022696,,,,,,,
128.1927948,35.83286751,,,,,,,
128.1652761,35.88503661,,,,,,,
128.2635429,35.97487621,,,,,,,
128.3517007,35.90132715,,,,,,,
128.3368218,35.83533112,,,,,,,
128.291433,35.91741452,,,,,,,
129.0460029,36.52884304,,,,,,,
129.1597251,36.35690592,,,,,,,
128.961196,36.29002745,,,,,,,
128.8973434,36.27663379,,,,,,,
126.8388739,37.49486156,,,,,,,
129.0553365,36.42962331,,,,,,,
129.0894307,36.59132302,,,,,,,
129.1247414,36.55733483,,,,,,,
129.1980493,36.76637163,,,,,,,
129.0624441,36.66118852,,,,,,,
129.1121963,36.66307847,,,,,,,
128.3653968,35.75197763,,,,,,,
128.4521381,35.82835563,,,,,,,
128.2432135,35.67906772,,,,,,,
130.9029396,37.48722926,,,,,,,
126.8906172,37.48915129,,,,,,,
130.8362607,37.47239811,,,,,,,
130.8740686,37.54501223,,,,,,,
128.6927121,35.2276263,,,,,,,
128.6975212,35.20842886,,,,,,,
128.6764523,35.22674909,,,,,,,
128.6699667,35.23541333,,,,,,,
128.7088058,35.21562091,,,,,,,
128.627112,35.20753366,,,,,,,
128.6510479,35.24432452,,,,,,,
128.6276287,35.26011455,,,,,,,
126.8582886,37.50666177,,,,,,,
128.6433877,35.23664944,,,,,,,
128.6893513,35.27870303,,,,,,,
128.6028113,35.31774693,,,,,,,
128.7086461,35.33670073,,,,,,,
128.5575238,35.18442988,,,,,,,
128.5635298,35.19203222,,,,,,,
128.5701745,35.20315538,,,,,,,
128.5749105,35.21194494,,,,,,,
128.580237,35.12010493,,,,,,,
128.4892155,35.117158,,,,,,,
126.8564773,37.49185895,,,,,,,
128.4190864,35.10221118,,,,,,,
128.5857163,35.23842911,,,,,,,
128.5911428,35.22165777,,,,,,,
128.5752724,35.23073206,,,,,,,
128.5818373,35.21802963,,,,,,,
128.5644115,35.21820887,,,,,,,
128.5012972,35.23212147,,,,,,,
128.5236787,35.24902775,,,,,,,
128.0805462,35.19372297,,,,,,,
128.1199455,35.18039215,,,,,,,
126.9690422,37.57657486,,,,,,,
126.8919957,37.48768503,,,,,,,
128.8143479,35.10067955,,,,,,,
128.6607007,35.149792,,,,,,,
128.7824112,35.12554117,,,,,,,
127.0107728,37.49201387,,,,,,,
128.4163216,34.88303127,,,,,,,
128.4250128,34.85991366,,,,,,,
128.4119188,34.83229021,,,,,,,
128.4233206,34.84042749,,,,,,,
128.3882219,34.80139205,,,,,,,
128.2647112,34.6362047,,,,,,,
128.5079804,34.76717378,,,,,,,
128.2250738,34.84445121,,,,,,,
128.0768394,34.93424844,,,,,,,
128.0877719,35.08317548,,,,,,,
127.0378405,37.48453907,,,,,,,
128.06155,35.01323043,,,,,,,
128.0646509,34.96810446,,,,,,,
128.0743641,35.05227265,,,,,,,
127.9602962,35.05759335,,,,,,,
127.9761071,35.00873466,,,,,,,
127.9396947,35.1115875,,,,,,,
128.7449575,35.49127365,,,,,,,
128.7702573,35.47361419,,,,,,,
128.7099286,35.37489563,,,,,,,
128.8425875,35.3995658,,,,,,,
127.0167651,37.48532413,,,,,,,
128.7580481,35.46528374,,,,,,,
128.6529577,35.47313707,,,,,,,
128.7285471,35.51223939,,,,,,,
128.8152236,35.50227722,,,,,,,
128.8801313,35.58454619,,,,,,,
128.8750292,35.51474557,,,,,,,
127.9142063,35.68763906,,,,,,,
127.8336422,35.74977817,,,,,,,
128.0129276,35.71016703,,,,,,,
127.9185629,35.80502434,,,,,,,
127.0160229,37.45611215,,,,,,,
127.9090175,35.64495495,,,,,,,
127.9252877,35.567819,,,,,,,
127.8718428,35.81371765,,,,,,,
128.1624941,35.56984848,,,,,,,
128.1386337,35.7562894,,,,,,,
128.0142375,35.52173606,,,,,,,
128.1207613,35.41491518,,,,,,,
128.168356,35.70508993,,,,,,,
128.0425365,35.6274132,,,,,,,
128.2648862,35.55934052,,,,,,,
127.0648469,37.45501928,,,,,,,
128.5256801,35.45974296,,,,,,,
128.4991425,35.54275224,,,,,,,
128.4823719,35.38857071,,,,,,,
128.5893521,35.43742442,,,,,,,
128.4716462,35.61457724,,,,,,,
128.4098442,35.50696681,,,,,,,
128.3880703,35.57769831,,,,,,,
128.3184726,34.98398151,,,,,,,
128.4227542,35.04197055,,,,,,,
128.4044224,34.98955938,,,,,,,
126.9826652,37.57297834,,,,,,,
126.9800184,37.56805048,,,,,,,
127.0927724,37.50271161,,,,,,,
127.1244608,37.49791013,,,,,,,
127.1270066,37.47817909,,,,,,,
127.1482976,37.49698945,,,,,,,
127.128881,37.48536716,,,,,,,
127.1170856,37.53416378,,,,,,,
127.128108,37.50687634,,,,,,,
127.1123854,37.52016712,,,,,,,
127.1458548,37.47787533,,,,,,,
127.068363,37.64202249,,,,,,,
126.972333,37.55592502,,,,,,,
127.0592718,37.63371715,,,,,,,
127.0745858,37.62256668,,,,,,,
127.0669432,37.65500658,,,,,,,
127.0773322,37.65243051,,,,,,,
127.0635835,37.66458138,,,,,,,
127.0550475,37.67968718,,,,,,,
126.9888282,37.49414136,,,,,,,
126.9953206,37.4839725,,,,,,,
126.9264916,37.62145329,,,,,,,
126.9126974,37.61517753,,,,,,,
126.9839652,37.56356319,,,,,,,
126.9208921,37.63997479,,,,,,,
126.9289708,37.6111374,,,,,,,
127.0517219,37.65228742,,,,,,,
127.0345741,37.64351421,,,,,,,
127.0399904,37.66447437,,,,,,,
127.0271565,37.65851767,,,,,,,
127.0492795,37.68398299,,,,,,,
127.0380311,37.65758595,,,,,,,
127.0256101,37.64750984,,,,,,,
127.062366,37.49472783,,,,,,,
126.9762265,37.55941124,,,,,,,
127.1048003,37.48912583,,,,,,,
127.107382,37.46512231,,,,,,,
127.0826483,37.49264174,,,,,,,
127.0501429,37.48059918,,,,,,,
129.0355731,35.10052734,,,,,,,
129.0321894,35.11189916,,,,,,,
129.0237823,35.10294415,,,,,,,
129.0233738,35.10596898,,,,,,,
129.0313757,35.10587005,,,,,,,
129.0971611,35.19961388,,,,,,,
126.9671288,37.55788087,,,,,,,
129.0704413,35.20914116,,,,,,,
129.075567,35.2007335,,,,,,,
129.0661207,35.20576217,,,,,,,
129.0924795,35.193817,,,,,,,
129.0733173,35.07833311,,,,,,,
129.0429075,35.08772792,,,,,,,
129.0661971,35.09192828,,,,,,,
129.0400057,35.09223046,,,,,,,
129.0374826,35.11788641,,,,,,,
129.0435263,35.1348402,,,,,,,
126.9786485,37.55848859,,,,,,,
129.0612451,35.13740272,,,,,,,
129.0491715,35.14127556,,,,,,,
129.0625558,35.17445311,,,,,,,
129.0610997,35.16381751,,,,,,,
129.0554799,35.14709359,,,,,,,
129.0392378,35.16348649,,,,,,,
129.0516644,35.17901377,,,,,,,
129.029513,35.15247358,,,,,,,
129.050131,35.16718411,,,,,,,
129.0602339,35.14478792,,,,,,,
126.9754076,37.56389627,,,,,,,
129.0650137,35.15143479,,,,,,,
129.0233573,35.16237091,,,,,,,
129.0214757,35.0794126,,,,,,,
129.0173714,35.11707969,,,,,,,
129.0179598,35.10349349,,,,,,,
129.0161645,35.10031113,,,,,,,
129.0697394,35.13890454,,,,,,,
129.1123997,35.1254345,,,,,,,
129.1019267,35.1379035,,,,,,,
129.1152143,35.15439785,,,,,,,
126.9611278,37.56988666,,,,,,,
129.1254246,35.15723253,,,,,,,
129.0901159,35.139704,,,,,,,
129.078224,35.12463893,,,,,,,
129.0957132,35.11454672,,,,,,,
129.080785,35.1181974,,,,,,,
129.1235069,35.18392694,,,,,,,
129.1394165,35.16802188,,,,,,,
129.1791182,35.16168751,,,,,,,
129.1764076,35.17785977,,,,,,,
129.1178192,35.19749797,,,,,,,
126.9429946,37.55855858,,,,,,,
129.2004752,35.18067653,,,,,,,
129.146811,35.22543759,,,,,,,
129.1602369,35.22902715,,,,,,,
129.1304285,35.19487578,,,,,,,
129.0009594,35.14576358,,,,,,,
128.9877992,35.14202554,,,,,,,
128.9772206,35.15190248,,,,,,,
128.9963575,35.18466891,,,,,,,
128.9855557,35.17587677,,,,,,,
128.9693568,35.1272155,,,,,,,
126.946418,37.59523986,,,,,,,
129.0922773,35.2280396,,,,,,,
129.0859637,35.22907925,,,,,,,
129.0881492,35.26958328,,,,,,,
129.0061632,35.19885632,,,,,,,
129.1164827,35.21609849,,,,,,,
129.0929395,35.27235433,,,,,,,
128.9882465,35.09943623,,,,,,,
128.9652035,35.10444535,,,,,,,
129.0031966,35.08823762,,,,,,,
128.9824313,35.06354332,,,,,,,
128.9620617,35.09356163,,,,,,,
127.0163693,37.56499807,,,,,,,
126.9329084,37.57033647,,,,,,,
128.9777476,35.08108842,,,,,,,
129.1082419,35.18590527,,,,,,,
129.0830987,35.18679795,,,,,,,
129.0731294,35.18406684,,,,,,,
129.1011887,35.17267514,,,,,,,
129.1160119,35.17049427,,,,,,,
128.9021434,35.19493148,,,,,,,
128.9366837,35.21616114,,,,,,,
128.982765,35.21193352,,,,,,,
128.9541509,35.18109296,,,,,,,
126.924068,37.57602088,,,,,,,
128.886199,35.11272866,,,,,,,
128.856411,35.0898879,,,,,,,
128.9086886,35.09386317,,,,,,,
128.8309747,35.05288947,,,,,,,
128.8322275,35.15112289,,,,,,,
129.0051457,35.21555332,,,,,,,
129.0391334,35.20565822,,,,,,,
129.0097612,35.23184307,,,,,,,
129.0130998,35.24962138,,,,,,,
126.9105684,37.58130576,,,,,,,
129.2174831,35.24590421,,,,,,,
129.2324123,35.26418903,,,,,,,
129.244293,35.31285356,,,,,,,
129.1787744,35.32498802,,,,,,,
129.1487354,35.2748976,,,,,,,
128.5838789,35.87123885,,,,,,,
128.6060582,35.86807269,,,,,,,
128.5876212,35.86598772,,,,,,,
128.5888374,35.86958298,,,,,,,
128.6368873,35.88322138,,,,,,,
126.9445404,37.58816179,,,,,,,
128.6488919,35.88651795,,,,,,,
128.7127131,35.87246085,,,,,,,
128.6124147,35.88135075,,,,,,,
128.6243016,35.87496148,,,,,,,
128.6909845,35.95640906,,,,,,,
128.6331784,35.97920221,,,,,,,
128.6398902,35.92727025,,,,,,,
128.7338625,35.88185306,,,,,,,
128.5714885,35.87338492,,,,,,,
128.5595121,35.87104332,,,,,,,
126.9361606,37.58368891,,,,,,,
128.5439844,35.86901024,,,,,,,
128.5551679,35.85734725,,,,,,,
128.6001949,35.84494751,,,,,,,
128.5791223,35.85128865,,,,,,,
128.5775362,35.83574444,,,,,,,
128.5672456,35.84615713,,,,,,,
128.564296,35.83516948,,,,,,,
128.5795478,35.89812626,,,,,,,
128.6179922,35.89416326,,,,,,,
128.5892548,35.8783826,,,,,,,
127.0014041,37.5860997,,,,,,,
128.5949079,35.8943656,,,,,,,
128.7065224,35.84434734,,,,,,,
128.6347786,35.84115415,,,,,,,
128.6487273,35.86845636,,,,,,,
128.6173115,35.83461436,,,,,,,
128.6373396,35.82332502,,,,,,,
128.625114,35.85854491,,,,,,,
128.6215842,35.80855969,,,,,,,
128.5265554,35.81414462,,,,,,,
128.545193,35.81399498,,,,,,,
127.0060388,37.57861966,,,,,,,
128.5466397,35.83367752,,,,,,,
128.5281436,35.83078234,,,,,,,
128.52883,35.80307054,,,,,,,
128.4990782,35.85881843,,,,,,,
128.5308503,35.85648096,,,,,,,
128.5470188,35.84125201,,,,,,,
128.5579056,35.85300774,,,,,,,
128.5124749,35.85109507,,,,,,,
128.5226681,35.85849286,,,,,,,
128.5647097,35.85651613,,,,,,,
126.9976072,37.58927689,,,,,,,
128.5423069,35.85175812,,,,,,,
128.6231368,35.80007303,,,,,,,
128.4518637,35.73037318,,,,,,,
128.4208364,35.77432362,,,,,,,
128.4114754,35.65981021,,,,,,,
128.4898875,35.79882108,,,,,,,
128.5071029,35.80252637,,,,,,,
128.4720663,35.7906153,,,,,,,
128.4729669,35.87329829,,,,,,,
128.4438288,35.69573048,,,,,,,
127.0136557,37.57847647,,,,,,,
128.4591515,35.69384815,,,,,,,
128.4218338,35.87656539,,,,,,,
128.5580396,35.9319047,,,,,,,
128.569683,35.94365866,,,,,,,
128.5968511,35.92112358,,,,,,,
128.5210191,35.89636716,,,,,,,
128.6656056,36.09887408,,,,,,,
128.717195,36.17518736,,,,,,,
128.5662622,36.2350258,,,,,,,
128.5870641,36.15606623,,,,,,,
127.0170991,37.57264733,,,,,,,
126.6319055,37.4623406,,,,,,,
126.6404159,37.47377545,,,,,,,
126.6176171,37.47540107,,,,,,,
126.4884342,37.49350209,,,,,,,
126.6029133,37.45615217,,,,,,,
126.4991743,37.25601814,,,,,,,
126.4269072,37.53367458,,,,,,,
124.717977,37.82431097,,,,,,,
125.7034553,37.65970809,,,,,,,
124.7209497,37.97371442,,,,,,,
127.0048331,37.55880422,,,,,,,
127.0105301,37.57600635,,,,,,,
126.4013065,37.44463665,,,,,,,
126.6369939,37.48215554,,,,,,,
126.6316957,37.47625528,,,,,,,
126.6452057,37.47989648,,,,,,,
126.5550727,37.48872505,,,,,,,
126.6746321,37.43991902,,,,,,,
126.6611384,37.46997848,,,,,,,
126.6776853,37.46443324,,,,,,,
126.6964631,37.44442025,,,,,,,
126.6849948,37.43726795,,,,,,,
127.0016204,37.57075816,,,,,,,
126.6696512,37.44853681,,,,,,,
126.6380456,37.45574252,,,,,,,
126.733668,37.46148946,,,,,,,
126.7160556,37.44313357,,,,,,,
126.7106332,37.4593075,,,,,,,
126.7150301,37.45602669,,,,,,,
126.695428,37.44984625,,,,,,,
126.7024718,37.50048807,,,,,,,
126.6969058,37.47260954,,,,,,,
126.7225716,37.49075662,,,,,,,
127.0048698,37.5729417,,,,,,,
126.7081926,37.48624985,,,,,,,
126.7091076,37.51047349,,,,,,,
126.7176706,37.48594687,,,,,,,
126.6561672,37.60239986,,,,,,,
126.6800537,37.49230038,,,,,,,
126.675321,37.51118362,,,,,,,
126.653678,37.53336506,,,,,,,
126.6784034,37.50946254,,,,,,,
126.6833742,37.61309392,,,,,,,
126.7383079,37.53474388,,,,,,,
126.9654369,37.53870623,,,,,,,
126.7142022,37.53252005,,,,,,,
126.7259338,37.54756163,,,,,,,
126.7347163,37.57664817,,,,,,,
126.7258093,37.53911246,,,,,,,
126.4647505,37.76275866,,,,,,,
126.4911283,37.64094909,,,,,,,
126.3215955,37.70453467,,,,,,,
126.2812005,37.78142964,,,,,,,
126.2396106,37.65160556,,,,,,,
126.4795663,37.68629393,,,,,,,
126.9784823,37.54911034,,,,,,,
126.4173468,37.63370272,,,,,,,
126.4207334,37.66438581,,,,,,,
126.3894611,37.71860644,,,,,,,
126.4858331,37.74885228,,,,,,,
126.483496,37.71214731,,,,,,,
126.4061056,37.79922137,,,,,,,
126.4141073,37.7734551,,,,,,,
126.6709356,37.41875013,,,,,,,
126.6516085,37.39111093,,,,,,,
126.6693462,37.38683021,,,,,,,
126.9944069,37.53427118,,,,,,,
126.658886,37.42786798,,,,,,,
126.7012442,37.42269195,,,,,,,
126.7232824,37.51356231,,,,,,,
126.7397031,37.49772609,,,,,,,
126.7237971,37.49612692,,,,,,,
126.746004,37.48216541,,,,,,,
126.7348233,37.493614,,,,,,,
126.7372582,37.44376674,,,,,,,
126.7237056,37.39356985,,,,,,,
126.6936026,37.40935704,,,,,,,
127.0062525,37.53119473,,,,,,,
126.7739081,35.09736952,,,,,,,
126.7004827,35.16325172,,,,,,,
126.7305018,35.18146978,,,,,,,
126.7451214,35.21976014,,,,,,,
126.9195342,35.14954342,,,,,,,
126.9199437,35.14084578,,,,,,,
126.9319153,35.15663313,,,,,,,
126.9334194,35.12202072,,,,,,,
126.9428437,35.1494732,,,,,,,
126.8594098,35.13527164,,,,,,,
126.9747162,37.53610478,,,,,,,
126.8504807,35.15779386,,,,,,,
126.8769401,35.15310209,,,,,,,
126.8903348,35.15041799,,,,,,,
126.8644057,35.1709662,,,,,,,
126.8788036,35.12436916,,,,,,,
126.9005972,35.14106242,,,,,,,
126.908653,35.13303168,,,,,,,
126.8997224,35.11207272,,,,,,,
126.915214,35.14297762,,,,,,,
126.8934809,35.13394927,,,,,,,
126.9706335,37.52441018,,,,,,,
126.8345972,35.08024641,,,,,,,
126.9198737,35.17828312,,,,,,,
126.8661397,35.18717123,,,,,,,
126.9331382,35.17423582,,,,,,,
126.9025024,35.18344001,,,,,,,
126.8981717,35.2030309,,,,,,,
126.9214478,35.18703596,,,,,,,
126.905089,35.16256625,,,,,,,
126.8797528,35.21866933,,,,,,,
126.9487637,35.21386993,,,,,,,
126.9915661,37.56083809,,,,,,,
127.0123983,37.59728735,,,,,,,
127.4269062,36.31803589,,,,,,,
127.4140525,36.3224953,,,,,,,
127.3984169,36.31282976,,,,,,,
127.4019083,36.3061432,,,,,,,
127.4212083,36.3341004,,,,,,,
127.4125239,36.33909168,,,,,,,
127.4369479,36.35190177,,,,,,,
127.4342448,36.33077887,,,,,,,
127.4492394,36.3467384,,,,,,,
127.4487953,36.30988021,,,,,,,
127.016596,37.58668191,,,,,,,
127.4743578,36.33065095,,,,,,,
127.467501,36.28224923,,,,,,,
127.3739948,36.31028141,,,,,,,
127.3821722,36.33280776,,,,,,,
127.3289924,36.29917527,,,,,,,
127.3523302,36.3089378,,,,,,,
127.4188567,36.35831913,,,,,,,
127.4422301,36.36338465,,,,,,,
127.4213796,36.37722575,,,,,,,
127.3779785,36.34891215,,,,,,,
127.0192635,37.61062168,,,,,,,
127.3683207,36.35268846,,,,,,,
127.3668821,36.36013746,,,,,,,
127.3946683,36.3599547,,,,,,,
127.3507044,36.35811832,,,,,,,
127.3781007,36.38538702,,,,,,,
127.323085,36.37585126,,,,,,,
127.3485044,36.38984803,,,,,,,
127.3160897,36.34324795,,,,,,,
127.3837209,36.44001379,,,,,,,
127.3207476,36.30273744,,,,,,,
127.0086116,37.61608833,,,,,,,
129.2972697,35.55994152,,,,,,,
129.3296334,35.55595,,,,,,,
129.3460193,35.57913964,,,,,,,
129.3414061,35.55605135,,,,,,,
129.3228301,35.58097285,,,,,,,
129.3185631,35.53936616,,,,,,,
129.3245761,35.54438465,,,,,,,
129.3353395,35.52211199,,,,,,,
129.2925524,35.53429922,,,,,,,
129.2600105,35.55065651,,,,,,,
127.0107257,37.60456462,,,,,,,
129.3413942,35.5420887,,,,,,,
129.4211977,35.49105183,,,,,,,
129.4285925,35.50905034,,,,,,,
129.429095,35.5420596,,,,,,,
129.4253556,35.52610619,,,,,,,
129.368168,35.58853823,,,,,,,
129.3558678,35.62162259,,,,,,,
129.3406409,35.63007844,,,,,,,
129.436012,35.62948574,,,,,,,
129.3229269,35.34808156,,,,,,,
126.9986768,37.59330423,,,,,,,
129.2440169,35.57147815,,,,,,,
129.2823239,35.41713961,,,,,,,
129.3066551,35.43397074,,,,,,,
129.2014023,35.65471686,,,,,,,
129.0897594,35.5909836,,,,,,,
129.1074089,35.53582836,,,,,,,
129.3055709,35.49543879,,,,,,,
129.2059107,35.46350101,,,,,,,
127.2811364,36.46405615,,,,,,,
127.2590384,36.48026551,,,,,,,
127.0511457,37.5712682,,,,,,,
127.2470371,36.51141907,,,,,,,
127.265906,36.49613491,,,,,,,
127.291001,36.47778631,,,,,,,
127.2978961,36.60437379,,,,,,,
127.3248551,36.55850275,,,,,,,
127.2033886,36.67902496,,,,,,,
127.2649774,36.65585222,,,,,,,
127.3644544,36.53092577,,,,,,,
127.0095745,37.29582895,,,,,,,
126.9880512,37.3103954,,,,,,,
127.037248,37.5728301,,,,,,,
126.9931747,37.28677053,,,,,,,
127.0219435,37.29109673,,,,,,,
127.0296492,37.28093065,,,,,,,
126.9735102,37.30280723,,,,,,,
127.0213441,37.28302582,,,,,,,
127.031406,37.27576356,,,,,,,
127.0530505,37.26867901,,,,,,,
127.0299131,37.25185546,,,,,,,
127.0778342,37.25485045,,,,,,,
127.0399459,37.26513097,,,,,,,
127.045224,37.58399566,,,,,,,
127.01529,37.24271633,,,,,,,
127.0295472,37.25984697,,,,,,,
127.0553975,37.24033385,,,,,,,
127.0476713,37.2886212,,,,,,,
126.9998164,37.2661222,,,,,,,
126.9713704,37.28074234,,,,,,,
126.9723936,37.25856508,,,,,,,
126.9515838,37.27319364,,,,,,,
127.0143727,37.26912112,,,,,,,
126.9418549,37.29178396,,,,,,,
127.0420349,37.58558925,,,,,,,
126.9662585,37.37631351,,,,,,,
126.9701514,37.40616274,,,,,,,
126.9379789,37.39910611,,,,,,,
126.9589006,37.36821527,,,,,,,
126.9528237,37.38989455,,,,,,,
126.9645084,37.39046322,,,,,,,
126.9305427,37.38968117,,,,,,,
126.9155964,37.39669673,,,,,,,
126.918402,37.41475941,,,,,,,
126.9071556,37.40234695,,,,,,,
126.9928595,37.56620807,,,,,,,
127.0479281,37.57613175,,,,,,,
126.9445809,37.35214441,,,,,,,
126.9265959,37.36784258,,,,,,,
126.9174733,37.32783812,,,,,,,
127.13992,36.99840575,,,,,,,
126.9440454,37.3656151,,,,,,,
126.9398228,37.3227364,,,,,,,
127.1283977,37.43387221,,,,,,,
127.143997,37.44156289,,,,,,,
127.1362152,37.44245329,,,,,,,
127.1455007,37.44964261,,,,,,,
127.158269,37.45231145,,,,,,,
127.0542316,37.58632613,,,,,,,
127.1386422,37.43847902,,,,,,,
127.140933,37.44790657,,,,,,,
127.1003617,37.42976518,,,,,,,
127.1275122,37.45616994,,,,,,,
127.149698,37.47230959,,,,,,,
127.1399886,37.43609653,,,,,,,
127.1613353,37.44738451,,,,,,,
127.1657843,37.43295385,,,,,,,
127.1585738,37.43915436,,,,,,,
127.1651569,37.45544,,,,,,,
127.0649804,37.5696416,,,,,,,
127.1545915,37.41762008,,,,,,,
127.1272922,37.40962939,,,,,,,
127.1261866,37.38226203,,,,,,,
127.1073106,37.35158694,,,,,,,
127.079034,37.39080885,,,,,,,
127.115795,37.40654185,,,,,,,
127.1262697,37.36675992,,,,,,,
127.1206722,37.33941549,,,,,,,
126.7726188,37.47939237,,,,,,,
126.7960262,37.4824482,,,,,,,
127.0743651,37.57678331,,,,,,,
126.8094401,37.47010981,,,,,,,
126.7796276,37.49096797,,,,,,,
126.7625496,37.50580356,,,,,,,
126.7533887,37.49176236,,,,,,,
126.7716016,37.49781954,,,,,,,
126.7906153,37.49636375,,,,,,,
126.8079299,37.4861941,,,,,,,
126.7704136,37.51435359,,,,,,,
126.7748976,37.520382,,,,,,,
126.8051734,37.52553879,,,,,,,
127.068129,37.59646481,,,,,,,
126.8157829,37.53092489,,,,,,,
126.800688,37.51799313,,,,,,,
126.8689798,37.47801474,,,,,,,
126.8773274,37.46155186,,,,,,,
126.8882381,37.44994971,,,,,,,
126.8652919,37.48627824,,,,,,,
126.8485577,37.46893778,,,,,,,
126.8862107,37.41287513,,,,,,,
126.8318258,37.32231265,,,,,,,
126.8247607,37.31024597,,,,,,,
127.0680264,37.5846209,,,,,,,
126.829026,37.34344377,,,,,,,
126.8091699,37.33202894,,,,,,,
126.8039293,37.34404348,,,,,,,
126.8172733,37.34862821,,,,,,,
126.7945957,37.33267936,,,,,,,
126.7972519,37.32807846,,,,,,,
126.7934099,37.31287779,,,,,,,
126.5825904,37.24499398,,,,,,,
126.7838965,37.33451153,,,,,,,
126.861158,37.30269065,,,,,,,
127.0518515,37.59108223,,,,,,,
126.8512822,37.29682349,,,,,,,
126.8635236,37.28489773,,,,,,,
126.8608463,37.33161807,,,,,,,
126.8463669,37.33313915,,,,,,,
126.8473315,37.32699342,,,,,,,
126.8643941,37.31266814,,,,,,,
126.8513588,37.30721688,,,,,,,
126.9022707,37.30551527,,,,,,,
126.8870301,37.29759538,,,,,,,
126.8764066,37.36397931,,,,,,,
126.9292968,37.54734684,,,,,,,
126.7813559,37.38198292,,,,,,,
126.728662,37.35121108,,,,,,,
126.7410633,37.34875187,,,,,,,
126.7999237,37.44426371,,,,,,,
126.7853464,37.34430917,,,,,,,
126.8149123,37.41646505,,,,,,,
126.786853,37.43933947,,,,,,,
126.7854451,37.44428107,,,,,,,
126.7436553,37.34012636,,,,,,,
126.8137542,37.36914394,,,,,,,
126.954049,37.55180001,,,,,,,
126.8582938,37.38150786,,,,,,,
126.7289497,37.36656023,,,,,,,
127.0856186,36.99837849,,,,,,,
127.0560516,37.05712582,,,,,,,
127.0624421,36.96466852,,,,,,,
127.0635826,37.11010719,,,,,,,
127.0338648,37.10808066,,,,,,,
126.8820976,36.98238333,,,,,,,
127.1029526,36.99622863,,,,,,,
127.0496658,37.04053516,,,,,,,
126.9090795,37.56873125,,,,,,,
127.056543,37.08297959,,,,,,,
126.9205795,36.98509542,,,,,,,
126.934247,37.03950215,,,,,,,
126.9856165,37.00895642,,,,,,,
126.8437559,36.97422851,,,,,,,
127.0512583,37.07242197,,,,,,,
127.0759725,37.14733697,,,,,,,
127.0661415,37.15976104,,,,,,,
127.0681649,37.14677515,,,,,,,
126.9889216,37.5705007,,,,,,,
126.9134471,37.55186294,,,,,,,
127.0440186,37.18108563,,,,,,,
126.814644,37.20899866,,,,,,,
126.9706494,37.21659343,,,,,,,
126.9119727,37.2499221,,,,,,,
126.7381165,37.21415374,,,,,,,
126.7056147,37.17020329,,,,,,,
126.8185028,37.08411788,,,,,,,
126.903259,37.16046452,,,,,,,
126.8676128,37.23621558,,,,,,,
126.7744577,37.20627806,,,,,,,
126.9430828,37.5425616,,,,,,,
126.9448632,37.08154891,,,,,,,
127.0332558,37.20833543,,,,,,,
127.077349,37.20735602,,,,,,,
127.0133168,37.20578594,,,,,,,
127.1037957,37.20897226,,,,,,,
127.0623627,37.2308174,,,,,,,
127.1225749,37.18128288,,,,,,,
127.1981912,37.2346257,,,,,,,
127.1105674,37.28326744,,,,,,,
127.1092014,37.27163109,,,,,,,
126.893831,37.57826302,,,,,,,
127.1554429,37.27751271,,,,,,,
127.0989863,37.22330964,,,,,,,
127.2106954,37.23463486,,,,,,,
127.232093,37.27936136,,,,,,,
127.2495755,37.33527425,,,,,,,
127.2868191,37.23433165,,,,,,,
127.3739415,37.16454994,,,,,,,
127.3111959,37.16489268,,,,,,,
127.196536,37.1397356,,,,,,,
127.1500334,37.11376402,,,,,,,
126.9027201,37.55434502,,,,,,,
127.1087899,37.25139727,,,,,,,
127.0731212,37.23756175,,,,,,,
127.101941,37.32493186,,,,,,,
127.1157671,37.31949164,,,,,,,
127.0755073,37.30616944,,,,,,,
127.1169014,37.29469333,,,,,,,
127.0830609,37.31870185,,,,,,,
127.1116806,37.33110312,,,,,,,
127.3426453,37.34973136,,,,,,,
127.3313834,37.30016327,,,,,,,
126.923738,37.56032211,,,,,,,
127.2566301,37.41172934,,,,,,,
127.1862451,37.47779339,,,,,,,
127.2884122,37.38574805,,,,,,,
127.2314509,37.3678376,,,,,,,
127.3078491,37.4707734,,,,,,,
127.2294807,37.38948491,,,,,,,
127.1827862,37.34700499,,,,,,,
126.7177462,37.61851148,,,,,,,
126.6677719,37.64842296,,,,,,,
126.5976016,37.69224995,,,,,,,
126.90754,37.51803572,,,,,,,
126.7661009,37.59788042,,,,,,,
126.5840172,37.65087302,,,,,,,
126.5521644,37.71662119,,,,,,,
126.6318451,37.71987275,,,,,,,
126.6445976,37.63793834,,,,,,,
126.6799342,37.64690647,,,,,,,
127.2102745,37.53565724,,,,,,,
127.2042914,37.55121661,,,,,,,
127.18995,37.5675971,,,,,,,
127.2247715,37.53921765,,,,,,,
126.9215937,37.5255357,,,,,,,
127.1565673,37.48700342,,,,,,,
127.1621495,37.51614286,,,,,,,
126.9927915,37.43356808,,,,,,,
126.993676,37.42407104,,,,,,,
126.9680404,37.35678997,,,,,,,
126.9964048,37.3895224,,,,,,,
126.9489625,37.32229991,,,,,,,
126.9757909,37.37874857,,,,,,,
127.4416625,37.28174304,,,,,,,
127.4864002,37.25713761,,,,,,,
126.8976025,37.51357748,,,,,,,
127.6305208,37.1168312,,,,,,,
127.4889747,37.28697628,,,,,,,
127.4947057,37.22470083,,,,,,,
127.3573681,37.24919286,,,,,,,
127.4024589,37.30873717,,,,,,,
127.48014,37.172461,,,,,,,
127.4911664,37.33856798,,,,,,,
127.5211571,37.13270548,,,,,,,
127.4281781,37.22413241,,,,,,,
127.5468955,37.09551055,,,,,,,
126.9127738,37.49913771,,,,,,,
127.4552226,37.28957559,,,,,,,
127.2620094,37.00951109,,,,,,,
127.1727119,37.00073488,,,,,,,
127.2374949,37.0126907,,,,,,,
127.322779,37.00102962,,,,,,,
127.2900684,37.02254987,,,,,,,
127.2261869,37.00374729,,,,,,,
127.1293026,37.03923769,,,,,,,
127.1953132,37.05876304,,,,,,,
127.4775925,37.09365136,,,,,,,
126.926544,37.5129655,,,,,,,
127.4219092,37.07489148,,,,,,,
127.6368384,37.29754217,,,,,,,
127.6617249,37.20502187,,,,,,,
127.5454539,37.20379734,,,,,,,
127.5721204,37.29926919,,,,,,,
127.5426119,37.33270811,,,,,,,
127.5341851,37.39313812,,,,,,,
127.443719,37.40483583,,,,,,,
127.5884184,37.37511852,,,,,,,
127.679801,37.32939532,,,,,,,
126.9863491,37.56870462,,,,,,,
127.1414274,37.60545076,,,,,,,
127.1411977,37.5913452,,,,,,,
127.1203351,37.62959011,,,,,,,
127.147165,37.59647999,,,,,,,
127.1961282,37.89262741,,,,,,,
127.2181703,37.88757915,,,,,,,
127.1503844,37.85723764,,,,,,,
127.1893698,37.99086847,,,,,,,
127.0288598,37.55741772,,,,,,,
127.2273112,37.78549856,,,,,,,
127.315701,37.95519107,,,,,,,
127.2505199,38.15742372,,,,,,,
127.2265136,37.93341208,,,,,,,
127.1846783,37.84633069,,,,,,,
127.301597,37.89693171,,,,,,,
127.3663872,38.03315894,,,,,,,
127.2738632,38.09165917,,,,,,,
127.2427756,38.00262949,,,,,,,
127.3479407,37.81865537,,,,,,,
126.9584486,37.60003282,,,,,,,
127.0137146,37.54513658,,,,,,,
127.3573961,37.8048787,,,,,,,
127.4182742,37.73739358,,,,,,,
127.5162278,37.82342171,,,,,,,
127.5496451,37.88584113,,,,,,,
127.4907098,37.67775319,,,,,,,
127.0735376,38.02555562,,,,,,,
127.0697371,37.99405896,,,,,,,
127.0773772,38.0996499,,,,,,,
127.1071714,38.18479723,,,,,,,
126.9179578,38.02967821,,,,,,,
127.0196217,37.55473498,,,,,,,
127.0130825,38.05719903,,,,,,,
127.0187706,38.08456968,,,,,,,
127.7372904,37.87577536,,,,,,,
127.7482649,37.88281109,,,,,,,
127.7132251,37.87436744,,,,,,,
127.7449882,37.86079388,,,,,,,
127.7162504,37.8828701,,,,,,,
127.6464628,37.79148109,,,,,,,
127.7097869,37.92256066,,,,,,,
127.6409931,38.02962393,,,,,,,
127.0300344,37.54978644,,,,,,,
127.7466193,37.92553856,,,,,,,
127.7284456,37.90083087,,,,,,,
128.9002953,37.76341602,,,,,,,
128.9263076,37.77417197,,,,,,,
128.8970638,37.74898156,,,,,,,
128.8290739,37.89450192,,,,,,,
128.8755258,37.76995547,,,,,,,
128.9786398,37.73261338,,,,,,,
129.0385542,37.61270092,,,,,,,
127.9613116,37.33103555,,,,,,,
127.0517495,37.56477453,,,,,,,
127.9418084,37.37390622,,,,,,,
127.9344494,37.3522862,,,,,,,
127.9510616,37.36363248,,,,,,,
127.9188629,37.300066,,,,,,,
127.9441037,37.35693498,,,,,,,
127.816749,37.31178806,,,,,,,
127.7500326,37.20931417,,,,,,,
127.8768397,37.37720751,,,,,,,
129.1071097,37.55045327,,,,,,,
129.1070379,37.52484157,,,,,,,
126.979771,37.48047306,,,,,,,
129.1070532,37.48959657,,,,,,,
129.1264123,37.48356486,,,,,,,
128.992114,37.16705293,,,,,,,
129.0089531,37.10237031,,,,,,,
128.9792159,37.14219994,,,,,,,
129.0456087,37.125418,,,,,,,
129.0387995,37.17228655,,,,,,,
128.5804643,38.19820038,,,,,,,
128.5859005,38.18979697,,,,,,,
128.7599518,37.96962371,,,,,,,
126.9332817,37.51113411,,,,,,,
128.6080654,38.15078598,,,,,,,
128.585686,38.07150159,,,,,,,
128.9444534,37.34753375,,,,,,,
129.3376777,37.17491295,,,,,,,
129.3434295,37.23279329,,,,,,,
129.2255195,37.38066056,,,,,,,
129.1131746,37.41785969,,,,,,,
129.0455495,37.23264823,,,,,,,
129.164255,37.44331903,,,,,,,
129.1868687,37.43738876,,,,,,,
126.9732569,37.48410119,,,,,,,
128.4723438,37.18361612,,,,,,,
128.3991104,37.18594346,,,,,,,
128.2671971,37.27041827,,,,,,,
128.3275086,37.23711796,,,,,,,
128.6805352,37.1456171,,,,,,,
128.5704623,37.12892474,,,,,,,
128.7391328,37.26672653,,,,,,,
128.64504,37.22019983,,,,,,,
128.7885616,37.33801062,,,,,,,
128.8506047,37.49492514,,,,,,,
126.9601464,37.50937372,,,,,,,
128.8200802,37.22787584,,,,,,,
128.8498391,37.20408002,,,,,,,
128.72409,37.47196339,,,,,,,
128.665476,37.37998702,,,,,,,
127.8888917,37.69334248,,,,,,,
128.3901073,37.7742805,,,,,,,
128.1847919,37.71327401,,,,,,,
127.6624611,37.68327356,,,,,,,
127.7685032,37.61708818,,,,,,,
127.967448,37.77140254,,,,,,,
126.9059335,37.48664647,,,,,,,
128.0195628,37.86872552,,,,,,,
128.0873466,37.81614545,,,,,,,
128.3949957,37.3663442,,,,,,,
128.3787857,37.6019436,,,,,,,
128.4557446,37.49903026,,,,,,,
128.5578643,37.63701782,,,,,,,
128.7071799,37.67284162,,,,,,,
127.9851017,37.48791973,,,,,,,
128.2143291,37.51284458,,,,,,,
128.0674638,37.45723356,,,,,,,
126.9206229,37.49855362,,,,,,,
128.1574247,37.41316574,,,,,,,
128.1489261,37.58280011,,,,,,,
127.8486868,37.4868904,,,,,,,
128.4645727,38.38105374,,,,,,,
128.5569767,38.25897622,,,,,,,
128.5262594,38.32576823,,,,,,,
128.4571251,38.44939344,,,,,,,
128.1730091,38.06415239,,,,,,,
128.0790348,37.96759756,,,,,,,
128.3182986,37.95468193,,,,,,,
